{
    "lat_start": -89.153062,
    "lon_start": -177.386922,
    "lat_step": 0.08983100000000377,
    "lon_step": 0.04491600000000062,
    "lat_count": 1986,
    "lon_count": 7634
}